id,first_name,last_name,email,gender,ip_address
1,Bentley,Gagan,bgagan0@discovery.com,Male,51.247.190.137
2,Marjory,Britch,mbritch1@dailymotion.com,Female,21.12.87.192
3,Fredelia,Dunton,fdunton2@spiegel.de,Female,158.111.163.21
4,Andeee,Drought,adrought3@ycombinator.com,Female,200.71.98.46
5,Zebulen,Anstey,zanstey4@newyorker.com,Male,196.232.116.203
6,Dilan,Gummow,dgummow5@unblog.fr,Male,108.238.190.50
7,Sky,Braybrook,sbraybrook6@t.co,Male,188.7.184.82
8,Nertie,Croll,ncroll7@google.com,Female,153.30.82.13
9,Dulcy,Cicero,dcicero8@tripadvisor.com,Female,140.213.162.59
10,Gianna,Conklin,gconklin9@china.com.cn,Female,111.86.218.151
11,Hamlin,Stoddart,hstoddarta@arizona.edu,Male,217.12.177.220
12,Phil,Jeeks,pjeeksb@google.com,Female,50.78.99.35
13,Ginger,Doohan,gdoohanc@netvibes.com,Genderqueer,179.250.206.1
14,Morna,Cliburn,mcliburnd@sciencedirect.com,Female,125.128.7.50
15,Chuck,Beden,cbedene@huffingtonpost.com,Male,65.184.202.178
16,Gwendolen,Skitral,gskitralf@youku.com,Female,165.95.208.71
17,Lizzy,Radnage,lradnageg@stumbleupon.com,Female,54.189.248.222
18,Jonathan,Spinage,jspinageh@mit.edu,Male,103.196.103.37
19,Berget,Bostick,bbosticki@purevolume.com,Female,188.78.63.200
20,Joni,Strugnell,jstrugnellj@guardian.co.uk,Female,147.41.86.242
21,Napoleon,Springthorpe,nspringthorpek@vkontakte.ru,Male,116.1.197.55
22,Isabel,Gages,igagesl@ameblo.jp,Female,57.161.213.235
23,Lorettalorna,Longbottom,llongbottomm@t.co,Female,199.197.27.125
24,Burk,Ravilious,braviliousn@sun.com,Male,107.144.31.150
25,Jeannine,Cantos,jcantoso@cornell.edu,Female,53.106.142.158
26,Emmalynn,Hing,ehingp@state.gov,Female,29.12.143.31
27,Erny,Tummond,etummondq@ehow.com,Male,151.123.123.113
28,Branden,O'Hoey,bohoeyr@slashdot.org,Male,107.232.56.111
29,Evvie,Hartley,ehartleys@people.com.cn,Female,192.111.247.32
30,Pacorro,Playfoot,pplayfoott@si.edu,Male,87.34.245.171
31,Grange,Anthiftle,ganthiftleu@netscape.com,Male,102.197.32.230
32,Nappy,O'Dee,nodeev@goo.gl,Male,243.131.133.128
33,Kristoffer,Beeswing,kbeeswingw@bing.com,Male,143.117.175.203
34,Lynnea,Trudgion,ltrudgionx@ebay.co.uk,Female,227.125.231.151
35,Irwinn,Harriagn,iharriagny@zimbio.com,Male,26.53.26.29
36,Marcelo,Bonifacio,mbonifacioz@usgs.gov,Male,106.23.202.41
37,Rose,Haugh,rhaugh10@unicef.org,Female,95.88.81.82
38,Lauren,Rasper,lrasper11@printfriendly.com,Male,182.247.153.5
39,Kerwinn,Jaques,kjaques12@xrea.com,Male,116.40.76.48
40,Rickie,Darbyshire,rdarbyshire13@google.com.hk,Female,186.43.179.12
41,Swen,Troucher,stroucher14@so-net.ne.jp,Male,219.175.74.231
42,Kayley,Gollard,kgollard15@pbs.org,Female,159.50.122.13
43,Yehudi,Ranson,yranson16@clickbank.net,Male,194.22.218.8
44,Wade,Dionisi,wdionisi17@nih.gov,Male,170.128.138.220
45,Kirbee,Menzies,kmenzies18@delicious.com,Genderqueer,193.5.104.162
46,Sigfrid,Greve,sgreve19@vkontakte.ru,Male,45.14.223.235
47,Victor,Le Page,vlepage1a@angelfire.com,Bigender,145.233.200.230
48,Zorine,Basil,zbasil1b@hexun.com,Female,195.246.136.145
49,Hermann,O'Fielly,hofielly1c@umn.edu,Male,40.168.22.213
50,Ardelle,Willmett,awillmett1d@tuttocitta.it,Female,103.181.9.62
51,Lilyan,Craggs,lcraggs1e@answers.com,Female,78.209.37.228
52,Odelle,Malarkey,omalarkey1f@opensource.org,Female,100.213.157.213
53,Codie,Malkie,cmalkie1g@sakura.ne.jp,Male,195.239.78.108
54,Adrian,Vanyutin,avanyutin1h@taobao.com,Male,27.22.161.235
55,Ebony,Ioannidis,eioannidis1i@jimdo.com,Female,128.19.245.191
56,Jorrie,Zukerman,jzukerman1j@ning.com,Female,108.97.196.238
57,Sutton,Chettoe,schettoe1k@vk.com,Non-binary,5.57.236.13
58,Maurie,Duffett,mduffett1l@wordpress.com,Male,92.85.56.154
59,Val,Lacoste,vlacoste1m@oracle.com,Male,42.186.162.144
60,Ofilia,Crighten,ocrighten1n@springer.com,Female,28.179.94.30
61,Raoul,Coopland,rcoopland1o@bravesites.com,Male,204.220.46.147
62,Mari,Danbye,mdanbye1p@europa.eu,Female,246.202.125.254
63,Kennedy,MacAllen,kmacallen1q@zimbio.com,Male,139.10.116.33
64,Jennette,Lashmore,jlashmore1r@cbslocal.com,Female,25.51.235.218
65,Brig,Willoughley,bwilloughley1s@t.co,Male,182.34.223.1
66,Ruthi,Hollow,rhollow1t@globo.com,Female,203.84.179.212
67,Ly,Yarker,lyarker1u@instagram.com,Male,103.34.236.213
68,Barnaby,Plews,bplews1v@over-blog.com,Male,92.188.108.93
69,Michael,Fiddymont,mfiddymont1w@ning.com,Male,191.232.43.247
70,Emily,Musslewhite,emusslewhite1x@dion.ne.jp,Female,92.135.251.68
71,Dareen,Aloway,daloway1y@ebay.co.uk,Female,17.141.48.105
72,Delmore,Rawling,drawling1z@dot.gov,Male,213.181.74.238
73,Issi,Elgie,ielgie20@google.com.br,Female,164.228.117.112
74,Sansone,Bendson,sbendson21@umich.edu,Male,196.160.200.71
75,Lorine,Biasini,lbiasini22@psu.edu,Female,114.50.114.136
76,Violante,Dradey,vdradey23@taobao.com,Female,199.206.60.76
77,Crin,Wales,cwales24@pcworld.com,Female,50.185.27.201
78,Estell,Arr,earr25@ovh.net,Polygender,184.13.113.106
79,Britney,Simonian,bsimonian26@jimdo.com,Female,240.3.37.40
80,Koral,Baline,kbaline27@senate.gov,Female,94.78.131.67
81,Jenine,Grelik,jgrelik28@drupal.org,Female,167.254.84.119
82,Frederigo,Pointon,fpointon29@sphinn.com,Male,130.180.83.65
83,Beverly,Emilien,bemilien2a@printfriendly.com,Female,138.31.8.10
84,Wyndham,Bonallack,wbonallack2b@w3.org,Male,31.235.148.112
85,Cyrill,Adriaens,cadriaens2c@ucoz.com,Male,205.102.96.66
86,Loella,Florio,lflorio2d@chron.com,Female,198.56.48.22
87,Raddie,Cremer,rcremer2e@answers.com,Male,136.145.96.96
88,Mohandas,Worssam,mworssam2f@whitehouse.gov,Male,5.143.144.62
89,Ewell,Gronowe,egronowe2g@infoseek.co.jp,Male,79.55.111.40
90,Sayre,Duggen,sduggen2h@trellian.com,Female,220.136.162.202
91,Estele,Labden,elabden2i@gravatar.com,Female,154.13.132.148
92,Cori,Manes,cmanes2j@home.pl,Female,117.3.111.208
93,Monah,Ride,mride2k@toplist.cz,Female,19.26.187.137
94,Dan,Colbrun,dcolbrun2l@sun.com,Male,140.19.83.225
95,Rogers,Gregolotti,rgregolotti2m@nih.gov,Male,164.191.98.16
96,Rea,Offell,roffell2n@nature.com,Female,92.234.107.192
97,Kyla,Stollberger,kstollberger2o@berkeley.edu,Female,12.249.134.71
98,Joseph,Hefner,jhefner2p@acquirethisname.com,Male,210.60.234.6
99,Alberto,Haighton,ahaighton2q@ovh.net,Male,178.43.65.205
100,Decca,Idle,didle2r@admin.ch,Male,116.101.178.69
101,Sofie,Addams,saddams2s@jimdo.com,Female,203.146.38.97
102,Mehetabel,Keam,mkeam2t@mail.ru,Genderfluid,181.181.176.96
103,Hershel,Hugenin,hhugenin2u@gmpg.org,Male,71.153.7.254
104,Netta,Hache,nhache2v@desdev.cn,Female,135.254.29.162
105,Jessika,Fallanche,jfallanche2w@weebly.com,Female,172.103.140.152
106,Noel,Janaszkiewicz,njanaszkiewicz2x@facebook.com,Female,220.84.143.203
107,Mil,Goodband,mgoodband2y@wp.com,Female,60.167.22.34
108,Almeria,Conkay,aconkay2z@soundcloud.com,Female,241.33.125.69
109,Anny,McLanaghan,amclanaghan30@tripadvisor.com,Female,223.78.215.98
110,Dorise,Haskey,dhaskey31@blog.com,Agender,142.75.191.211
111,Keen,Brill,kbrill32@ameblo.jp,Male,167.129.245.215
112,Connie,McQuilkin,cmcquilkin33@tmall.com,Female,178.53.59.115
113,Danny,Linnit,dlinnit34@yandex.ru,Female,25.67.76.46
114,Christabella,Rumble,crumble35@desdev.cn,Female,254.196.184.41
115,Lucretia,Gilogly,lgilogly36@wikia.com,Female,136.219.65.233
116,Corbin,Metzel,cmetzel37@hp.com,Male,171.58.126.105
117,Granthem,Grosier,ggrosier38@bloglines.com,Male,238.104.61.54
118,Chrissy,Sturch,csturch39@mapy.cz,Female,7.102.216.198
119,Merna,Hedderly,mhedderly3a@pinterest.com,Female,24.74.36.7
120,Lorin,Moran,lmoran3b@biblegateway.com,Male,205.75.253.12
121,Isadora,Lozano,ilozano3c@nps.gov,Polygender,51.150.24.90
122,Kellyann,De La Hay,kdelahay3d@hao123.com,Female,54.41.67.152
123,Launce,Phoebe,lphoebe3e@goo.gl,Male,163.229.19.214
124,Laurianne,Baddam,lbaddam3f@taobao.com,Agender,190.67.157.163
125,Eloise,Schulz,eschulz3g@twitpic.com,Female,170.243.185.113
126,Nady,Alelsandrowicz,nalelsandrowicz3h@moonfruit.com,Female,31.23.75.53
127,Adey,Cassar,acassar3i@illinois.edu,Polygender,54.166.226.1
128,Ferris,Luquet,fluquet3j@ftc.gov,Male,233.52.121.114
129,Ingeberg,Reis,ireis3k@yahoo.co.jp,Female,18.194.140.252
130,Dorene,Stoade,dstoade3l@google.nl,Female,10.82.120.122
131,Judith,Spittles,jspittles3m@stanford.edu,Female,230.9.7.231
132,Sher,Warkup,swarkup3n@discovery.com,Female,56.174.150.144
133,La verne,Champney,lchampney3o@etsy.com,Female,140.217.64.146
134,Kikelia,O'Loinn,koloinn3p@blogs.com,Female,146.111.124.160
135,Reed,Ballingal,rballingal3q@dyndns.org,Male,55.207.30.115
136,Caitrin,Bartke,cbartke3r@geocities.jp,Bigender,212.115.52.45
137,Cornela,Tarrant,ctarrant3s@yelp.com,Female,44.227.245.220
138,Bruno,Radage,bradage3t@ucoz.ru,Genderqueer,240.233.184.166
139,Cobby,Simione,csimione3u@nydailynews.com,Agender,158.232.240.246
140,Ashien,Luckings,aluckings3v@creativecommons.org,Genderfluid,155.222.21.2
141,Nicoli,Kubik,nkubik3w@ft.com,Female,165.65.174.112
142,Karil,Wallen,kwallen3x@google.co.jp,Female,76.112.168.112
143,Bonny,Bendan,bbendan3y@time.com,Female,233.72.233.169
144,Sylvia,Willment,swillment3z@sourceforge.net,Female,197.48.255.54
145,Raviv,Kendrew,rkendrew40@sitemeter.com,Male,220.41.183.170
146,Meriel,Crosham,mcrosham41@smh.com.au,Female,177.35.30.35
147,Clemmie,Persitt,cpersitt42@technorati.com,Female,19.185.175.195
148,Thurston,Hobben,thobben43@yahoo.com,Polygender,116.43.29.5
149,Tana,Ifill,tifill44@edublogs.org,Genderqueer,76.27.218.116
150,Jonathan,Hurlston,jhurlston45@woothemes.com,Male,144.147.244.251
151,Loutitia,Luisetti,lluisetti46@123-reg.co.uk,Female,178.209.45.162
152,Philippe,Matteo,pmatteo47@t-online.de,Female,187.98.252.153
153,Marita,Siebert,msiebert48@hibu.com,Female,110.69.144.232
154,Frances,Nicholes,fnicholes49@reverbnation.com,Female,27.248.118.31
155,Dall,Petracco,dpetracco4a@google.pl,Male,21.207.244.185
156,Jarib,Corkish,jcorkish4b@liveinternet.ru,Male,222.37.157.113
157,Leora,D'Ruel,ldruel4c@shinystat.com,Female,201.74.35.203
158,Celia,Kershow,ckershow4d@japanpost.jp,Female,168.37.164.178
159,Rebeka,Thiem,rthiem4e@wix.com,Female,122.28.123.3
160,Lowe,Cutress,lcutress4f@jigsy.com,Male,44.165.222.79
161,Wilhelmine,Blunsum,wblunsum4g@shutterfly.com,Female,235.44.93.93
162,Bailie,Gudgin,bgudgin4h@java.com,Male,249.44.6.130
163,Montgomery,Hargess,mhargess4i@qq.com,Male,236.204.46.196
164,Cindee,Segar,csegar4j@spiegel.de,Female,116.197.68.16
165,Lewes,Lawles,llawles4k@senate.gov,Male,204.252.72.62
166,Guillemette,Fateley,gfateley4l@adobe.com,Female,36.114.65.124
167,Devland,Goldwater,dgoldwater4m@nydailynews.com,Male,212.177.199.71
168,Aldus,Dresse,adresse4n@pen.io,Male,116.246.193.170
169,Morey,Werrit,mwerrit4o@moonfruit.com,Male,207.82.10.172
170,Douglas,Papaccio,dpapaccio4p@walmart.com,Male,13.131.132.84
171,Mahmoud,Drexel,mdrexel4q@irs.gov,Male,42.112.75.190
172,Law,Thomkins,lthomkins4r@example.com,Male,214.159.196.177
173,Mickey,Higgonet,mhiggonet4s@yahoo.co.jp,Male,208.238.131.148
174,Allianora,Daniel,adaniel4t@instagram.com,Female,245.10.227.238
175,Iolande,Spawell,ispawell4u@dailymail.co.uk,Female,145.231.64.207
176,Nevin,Penwarden,npenwarden4v@upenn.edu,Male,31.95.67.142
177,Mohandis,Moro,mmoro4w@google.com.au,Male,150.119.224.61
178,Carol,Gregor,cgregor4x@cam.ac.uk,Genderqueer,164.10.26.135
179,Mort,Fowler,mfowler4y@cdc.gov,Male,203.126.194.45
180,Miguel,Brack,mbrack4z@google.com.au,Genderqueer,158.188.123.167
181,Raymond,Lowdham,rlowdham50@nyu.edu,Male,43.45.87.25
182,Dell,Ceschi,dceschi51@deviantart.com,Female,14.218.10.247
183,Cullie,Callf,ccallf52@yelp.com,Male,69.210.47.212
184,Davin,Lightewood,dlightewood53@google.com.hk,Male,229.201.163.170
185,Deedee,Bikker,dbikker54@ycombinator.com,Female,239.136.225.121
186,Lil,Aurelius,laurelius55@dmoz.org,Female,166.93.186.124
187,Helenelizabeth,Larway,hlarway56@yale.edu,Female,36.222.236.177
188,Catharine,Minogue,cminogue57@about.com,Female,187.201.223.211
189,Theobald,Kiefer,tkiefer58@goo.gl,Male,14.180.40.4
190,Emylee,Rubenchik,erubenchik59@hud.gov,Female,21.199.224.173
191,Sherlocke,de Merida,sdemerida5a@yandex.ru,Male,197.22.90.106
192,Claudio,Baughen,cbaughen5b@gnu.org,Male,163.82.19.131
193,Quinlan,Hadland,qhadland5c@photobucket.com,Male,93.105.2.85
194,Sheilakathryn,Feavers,sfeavers5d@cyberchimps.com,Female,121.0.177.215
195,Paulina,Bess,pbess5e@usa.gov,Polygender,198.141.214.7
196,Jephthah,Myrkus,jmyrkus5f@1und1.de,Genderqueer,75.205.52.229
197,Igor,Enrique,ienrique5g@xinhuanet.com,Agender,86.112.83.26
198,Georgie,Huke,ghuke5h@netscape.com,Male,244.133.10.125
199,Nick,Jobbins,njobbins5i@soup.io,Male,218.164.134.209
200,Kassie,Lowbridge,klowbridge5j@usa.gov,Female,145.173.208.211
201,Eveleen,Baggalley,ebaggalley5k@accuweather.com,Female,201.201.20.195
202,Goddard,Koeppke,gkoeppke5l@51.la,Male,70.45.182.111
203,Zed,Hayne,zhayne5m@phpbb.com,Male,95.26.29.188
204,Kalina,Bonin,kbonin5n@phoca.cz,Bigender,226.242.97.239
205,Gaynor,Hatherley,ghatherley5o@nba.com,Female,58.216.128.48
206,Mannie,MacColl,mmaccoll5p@ehow.com,Male,182.35.66.169
207,Alberik,Conachie,aconachie5q@so-net.ne.jp,Male,188.5.176.213
208,Morrie,Liddyard,mliddyard5r@ustream.tv,Male,46.80.215.156
209,Leshia,Ibbs,libbs5s@shop-pro.jp,Female,31.8.134.161
210,Richmond,Liddall,rliddall5t@telegraph.co.uk,Male,98.121.58.95
211,Clea,Caveau,ccaveau5u@oakley.com,Female,139.6.64.16
212,Carie,Crichley,ccrichley5v@blinklist.com,Female,244.140.107.188
213,Almeta,Pairpoint,apairpoint5w@bizjournals.com,Female,231.100.238.233
214,Steffi,Gounard,sgounard5x@de.vu,Female,213.177.214.181
215,Donavon,Geraldo,dgeraldo5y@tamu.edu,Male,125.110.14.6
216,Mariya,Aslett,maslett5z@smugmug.com,Female,52.224.81.161
217,Lemar,Wyllis,lwyllis60@ycombinator.com,Male,24.123.155.196
218,Thornton,Ickov,tickov61@skyrock.com,Male,167.137.233.228
219,Corbin,Gowen,cgowen62@tumblr.com,Male,114.111.51.179
220,Kristien,Davage,kdavage63@bigcartel.com,Female,76.80.163.97
221,Shaun,Gilliam,sgilliam64@furl.net,Male,131.191.209.63
222,Dew,O'Regan,doregan65@abc.net.au,Male,163.81.218.78
223,Germain,Yeend,gyeend66@pen.io,Male,119.134.143.80
224,Delores,Wayt,dwayt67@wufoo.com,Female,222.202.46.20
225,Jackquelin,Haville,jhaville68@cbc.ca,Female,161.129.241.124
226,Cindee,Dyet,cdyet69@prnewswire.com,Female,39.79.54.181
227,Rory,Scapelhorn,rscapelhorn6a@e-recht24.de,Male,121.45.8.74
228,Marissa,Stonier,mstonier6b@live.com,Female,186.62.136.100
229,Kelsey,Kamena,kkamena6c@over-blog.com,Female,111.128.129.220
230,Avictor,Durling,adurling6d@acquirethisname.com,Male,175.181.194.208
231,Toma,Jolland,tjolland6e@xing.com,Female,158.11.122.14
232,Kathlin,Benne,kbenne6f@ft.com,Genderqueer,245.108.124.83
233,Ludovico,Dunckley,ldunckley6g@archive.org,Male,126.246.118.38
234,Giacobo,Copozio,gcopozio6h@yelp.com,Male,186.123.138.178
235,Marjory,Burgin,mburgin6i@ebay.co.uk,Female,251.100.212.172
236,Gery,Melluish,gmelluish6j@dedecms.com,Male,142.116.180.205
237,Hendrick,Pardey,hpardey6k@shutterfly.com,Male,92.53.171.128
238,Morly,Matteini,mmatteini6l@yolasite.com,Male,99.206.39.211
239,Linoel,Glanville,lglanville6m@intel.com,Male,131.239.104.30
240,Alexi,McDirmid,amcdirmid6n@newsvine.com,Non-binary,142.9.152.37
241,Berkly,Dumbar,bdumbar6o@networksolutions.com,Male,248.219.57.39
242,Jeramey,Hiddsley,jhiddsley6p@wordpress.com,Male,255.21.199.40
243,Oralla,Kuschke,okuschke6q@addthis.com,Female,209.7.71.205
244,Sella,Wilds,swilds6r@wikimedia.org,Female,150.63.102.191
245,Ritchie,Radin,rradin6s@newyorker.com,Male,153.10.213.175
246,Deirdre,Seres,dseres6t@acquirethisname.com,Female,208.153.123.243
247,Robinette,Bilbery,rbilbery6u@newsvine.com,Genderqueer,117.176.105.243
248,Putnem,Muddle,pmuddle6v@sciencedaily.com,Male,68.251.99.213
249,Michel,Crumby,mcrumby6w@goodreads.com,Male,86.6.126.97
250,Bjorn,Prowting,bprowting6x@salon.com,Male,195.75.229.37
251,Berna,Enocksson,benocksson6y@qq.com,Genderqueer,35.95.32.5
252,Aubrette,Walczak,awalczak6z@ihg.com,Female,35.112.149.222
253,Jeni,Guarnier,jguarnier70@wix.com,Female,197.103.254.101
254,Renell,Walesa,rwalesa71@jiathis.com,Female,82.102.78.115
255,Hymie,Yatman,hyatman72@icq.com,Polygender,172.71.137.179
256,Ervin,Shawdforth,eshawdforth73@elpais.com,Male,203.236.186.121
257,Meriel,Fookes,mfookes74@technorati.com,Female,218.163.202.150
258,Noel,Dyne,ndyne75@about.com,Female,28.125.169.36
259,Tarra,Farnham,tfarnham76@plala.or.jp,Female,126.207.13.38
260,Tiena,Pestor,tpestor77@cbsnews.com,Female,50.247.199.253
261,Adella,Jeremaes,ajeremaes78@house.gov,Genderfluid,154.185.167.23
262,Herschel,Piddington,hpiddington79@123-reg.co.uk,Male,190.21.177.187
263,Gina,Eddisforth,geddisforth7a@berkeley.edu,Female,106.1.124.248
264,Gordie,Antonomoli,gantonomoli7b@fastcompany.com,Male,164.87.132.14
265,Gay,Joint,gjoint7c@geocities.jp,Male,25.220.121.214
266,Kayle,Stirland,kstirland7d@mac.com,Female,133.169.229.6
267,Ambrosio,Probets,aprobets7e@sourceforge.net,Male,155.240.111.15
268,Modesty,Readhead,mreadhead7f@elegantthemes.com,Female,83.248.78.211
269,Martina,Macieja,mmacieja7g@dailymotion.com,Female,78.105.135.102
270,Linette,Labro,llabro7h@lulu.com,Female,123.125.168.138
271,Lorry,Peele,lpeele7i@usda.gov,Male,6.49.69.187
272,Babita,Aleksidze,baleksidze7j@google.nl,Female,86.94.57.17
273,Sargent,Ghidoli,sghidoli7k@eepurl.com,Male,40.56.168.188
274,Eziechiele,Pennyman,epennyman7l@hibu.com,Male,71.233.30.83
275,Lukas,Wedlake,lwedlake7m@newyorker.com,Male,64.129.40.55
276,Corny,Mulheron,cmulheron7n@yandex.ru,Female,212.177.149.16
277,Dasya,Undrell,dundrell7o@nytimes.com,Female,154.154.251.251
278,Hughie,Briereton,hbriereton7p@tuttocitta.it,Male,106.33.4.219
279,Marietta,Jeffree,mjeffree7q@theguardian.com,Genderfluid,220.138.200.112
280,Ingelbert,Slayford,islayford7r@booking.com,Male,226.211.162.215
281,Eb,Manoch,emanoch7s@comsenz.com,Male,173.194.130.189
282,Estella,Ledger,eledger7t@epa.gov,Female,29.103.177.178
283,Joelynn,Syde,jsyde7u@census.gov,Female,234.121.185.124
284,Sadella,Backshall,sbackshall7v@deliciousdays.com,Female,12.47.209.50
285,Dory,Greener,dgreener7w@typepad.com,Female,169.33.15.158
286,Tommy,Dubock,tdubock7x@scientificamerican.com,Male,83.177.16.100
287,Timmy,Athey,tathey7y@vk.com,Female,52.112.197.87
288,Bunnie,Joule,bjoule7z@fastcompany.com,Female,209.194.119.61
289,Dominick,McGookin,dmcgookin80@drupal.org,Male,253.181.127.155
290,Vivie,Wetherhead,vwetherhead81@elegantthemes.com,Female,218.42.252.236
291,Florella,Steed,fsteed82@blogs.com,Female,119.201.124.10
292,Bryn,McGenn,bmcgenn83@nydailynews.com,Male,4.124.108.101
293,Izaak,Lohde,ilohde84@princeton.edu,Male,179.232.9.136
294,Christa,Meade,cmeade85@bbc.co.uk,Genderfluid,164.204.133.108
295,Killy,Pantry,kpantry86@cnbc.com,Male,122.231.243.175
296,Tammara,Kyston,tkyston87@wufoo.com,Female,157.197.138.90
297,Brittani,Leask,bleask88@unesco.org,Female,189.175.233.135
298,Bryan,Bibb,bbibb89@ow.ly,Male,65.229.24.219
299,Sayre,Tomaskunas,stomaskunas8a@google.com.br,Female,8.173.140.31
300,Fonsie,Burford,fburford8b@ucsd.edu,Male,198.214.24.246
301,Mellie,McLauchlin,mmclauchlin8c@list-manage.com,Female,226.212.38.255
302,Dierdre,Deery,ddeery8d@opera.com,Female,29.44.148.214
303,Beckie,Chattock,bchattock8e@ucoz.com,Female,248.72.86.76
304,Sydel,D'Emanuele,sdemanuele8f@omniture.com,Agender,43.130.206.223
305,Zorine,Saket,zsaket8g@eventbrite.com,Bigender,44.87.126.132
306,Dickie,Hastie,dhastie8h@alibaba.com,Male,220.65.105.42
307,Darice,Fidgin,dfidgin8i@cisco.com,Genderqueer,242.119.90.17
308,Kara,Date,kdate8j@slate.com,Female,210.187.61.135
309,Skylar,Simonsson,ssimonsson8k@1688.com,Male,162.9.116.55
310,Kimmy,Curran,kcurran8l@reuters.com,Female,3.77.67.131
311,Stacy,Collop,scollop8m@paginegialle.it,Female,135.250.76.19
312,Sylvester,Worts,sworts8n@yolasite.com,Male,253.84.63.140
313,Friedrich,Cluelow,fcluelow8o@webs.com,Male,109.7.173.182
314,Lacie,Choffin,lchoffin8p@meetup.com,Agender,135.169.249.156
315,Yoshiko,Rotter,yrotter8q@google.fr,Female,138.192.120.243
316,Gillie,Tollmache,gtollmache8r@blogtalkradio.com,Female,14.178.33.155
317,Arlyn,Petersen,apetersen8s@yolasite.com,Female,85.98.152.38
318,Thomas,Le Sieur,tlesieur8t@blogger.com,Male,178.19.228.253
319,Hervey,Ronchka,hronchka8u@addthis.com,Male,117.69.162.201
320,Danyette,Craxford,dcraxford8v@merriam-webster.com,Female,43.19.227.160
321,Bayard,Shakesby,bshakesby8w@weather.com,Male,182.149.57.125
322,Bernadine,Dimitriou,bdimitriou8x@yahoo.com,Female,254.241.176.143
323,Halli,Gartland,hgartland8y@1688.com,Female,60.164.110.200
324,Ardeen,Lean,alean8z@cdbaby.com,Female,204.102.41.62
325,Fredrika,Steen,fsteen90@thetimes.co.uk,Female,178.107.113.41
326,Dianne,Zettler,dzettler91@spotify.com,Female,146.50.173.199
327,Chaddy,Adamovitz,cadamovitz92@jalbum.net,Male,221.50.237.12
328,Clementia,Grey,cgrey93@stanford.edu,Female,212.194.234.64
329,Alfie,Sandwith,asandwith94@bbc.co.uk,Male,108.157.118.74
330,Menard,Curnock,mcurnock95@nytimes.com,Male,48.179.141.116
331,Web,Proudler,wproudler96@privacy.gov.au,Male,160.197.132.49
332,Stavro,Geach,sgeach97@booking.com,Male,242.249.91.108
333,Adlai,Tousy,atousy98@nifty.com,Male,203.37.154.15
334,Veradis,Doding,vdoding99@cnet.com,Female,76.114.189.195
335,Eleanor,Antonignetti,eantonignetti9a@mashable.com,Female,214.18.58.230
336,Yank,Chatell,ychatell9b@t.co,Male,45.223.185.174
337,Ainslie,Fibbitts,afibbitts9c@infoseek.co.jp,Female,61.21.118.72
338,Odele,Tivnan,otivnan9d@thetimes.co.uk,Female,195.2.49.50
339,Odella,Dewicke,odewicke9e@comcast.net,Female,241.111.175.81
340,Maggee,Cambell,mcambell9f@flickr.com,Female,183.43.83.54
341,Caril,Weatherill,cweatherill9g@example.com,Female,63.61.187.156
342,Virginia,Pratte,vpratte9h@cpanel.net,Female,98.179.235.18
343,Antonietta,Di Biasio,adibiasio9i@opensource.org,Female,245.5.81.240
344,Angelica,Bruntje,abruntje9j@quantcast.com,Female,29.214.53.203
345,Montgomery,Standbrooke,mstandbrooke9k@godaddy.com,Male,223.227.231.141
346,Yehudit,Yurygyn,yyurygyn9l@arstechnica.com,Genderqueer,253.201.120.117
347,Mada,Roydon,mroydon9m@ft.com,Female,64.194.14.186
348,Lisle,McPhilemy,lmcphilemy9n@eventbrite.com,Male,113.67.246.12
349,Louie,Collimore,lcollimore9o@miitbeian.gov.cn,Male,169.87.30.62
350,Corbett,Tertre,ctertre9p@rediff.com,Male,252.184.5.78
351,Dene,Golding,dgolding9q@guardian.co.uk,Male,197.161.94.105
352,Rodrick,Higginbottam,rhigginbottam9r@dot.gov,Male,59.119.104.118
353,Clemmy,Rabson,crabson9s@nymag.com,Male,186.147.132.32
354,Theadora,Wilse,twilse9t@ustream.tv,Female,120.231.127.127
355,Caryl,Seed,cseed9u@cnn.com,Female,17.0.113.88
356,Faith,Bilofsky,fbilofsky9v@weather.com,Female,120.177.172.155
357,Leopold,McNellis,lmcnellis9w@e-recht24.de,Agender,178.183.82.51
358,Skipper,Deeprose,sdeeprose9x@addtoany.com,Male,82.78.188.204
359,Sinclare,Skyram,sskyram9y@clickbank.net,Male,241.180.185.22
360,Margaret,Fenelow,mfenelow9z@trellian.com,Female,235.55.254.123
361,Osborne,Kemitt,okemitta0@smh.com.au,Male,184.89.109.206
362,Der,Peat,dpeata1@shinystat.com,Male,67.1.4.214
363,Dimitry,Benedicto,dbenedictoa2@amazon.co.uk,Male,31.49.114.209
364,Mirabella,Duckitt,mduckitta3@msn.com,Female,89.12.94.250
365,Catlee,Messier,cmessiera4@edublogs.org,Female,1.111.194.97
366,Lucias,Starrs,lstarrsa5@jalbum.net,Male,190.84.118.205
367,Zena,Ateridge,zateridgea6@weather.com,Female,250.169.153.183
368,Willy,Oliff,woliffa7@google.ca,Male,240.185.229.237
369,Laughton,Thorneley,lthorneleya8@stanford.edu,Male,160.6.108.161
370,Alene,Colbourne,acolbournea9@about.com,Female,93.44.138.185
371,Blondie,McKirdy,bmckirdyaa@smugmug.com,Female,166.241.26.36
372,Fionnula,Witherby,fwitherbyab@berkeley.edu,Female,160.38.0.99
373,Daron,Crinkley,dcrinkleyac@posterous.com,Female,42.15.204.24
374,Hollis,Tommaseo,htommaseoad@salon.com,Male,151.171.117.149
375,Homer,Whitnell,hwhitnellae@gov.uk,Male,120.107.152.75
376,Joel,Haggus,jhaggusaf@toplist.cz,Non-binary,20.23.162.52
377,Malva,Acreman,macremanag@cbsnews.com,Bigender,31.112.144.189
378,Alonzo,Sirmon,asirmonah@dagondesign.com,Male,205.205.18.41
379,Quinn,Wivell,qwivellai@over-blog.com,Female,77.47.236.196
380,Petronille,Nassie,pnassieaj@plala.or.jp,Genderqueer,124.92.181.4
381,Silvano,Mathivet,smathivetak@printfriendly.com,Male,202.219.4.37
382,Sarette,Hallbord,shallbordal@zdnet.com,Bigender,114.57.237.150
383,Celene,Shone,cshoneam@yale.edu,Female,87.150.3.97
384,Padriac,Winley,pwinleyan@mlb.com,Male,165.61.226.71
385,Jerry,Pauleau,jpauleauao@paypal.com,Female,106.16.200.26
386,Eden,Wisson,ewissonap@cbc.ca,Female,85.52.180.59
387,Trixi,Syson,tsysonaq@chronoengine.com,Female,77.37.70.63
388,Debbie,Woodhall,dwoodhallar@smugmug.com,Female,39.228.207.107
389,Enoch,McMullen,emcmullenas@prlog.org,Male,251.155.67.249
390,Thorpe,Millmore,tmillmoreat@cbslocal.com,Male,59.106.131.81
391,Duke,Loody,dloodyau@dropbox.com,Male,163.141.180.246
392,Nelie,Frisch,nfrischav@nasa.gov,Female,176.113.119.66
393,Olive,Jiruca,ojirucaaw@parallels.com,Female,209.18.90.0
394,Wren,McCambridge,wmccambridgeax@icq.com,Female,41.50.161.242
395,Gage,Edy,gedyay@java.com,Male,149.67.7.51
396,Hagan,Cleaver,hcleaveraz@cdbaby.com,Male,14.166.225.121
397,Valentine,Millery,vmilleryb0@cbc.ca,Female,96.74.118.35
398,Hymie,Pinchback,hpinchbackb1@hubpages.com,Male,67.55.224.234
399,Zachery,Dobbison,zdobbisonb2@wikipedia.org,Polygender,73.156.18.121
400,Bernadine,Wegman,bwegmanb3@foxnews.com,Female,254.140.227.226
401,Edwin,Rout,eroutb4@cdc.gov,Male,16.171.225.136
402,Ewart,McDougald,emcdougaldb5@cnbc.com,Bigender,7.141.5.42
403,Shelly,Fullager,sfullagerb6@statcounter.com,Female,59.183.62.95
404,Tristan,Culligan,tculliganb7@chron.com,Male,15.249.143.114
405,Obediah,Gillings,ogillingsb8@mlb.com,Male,83.78.96.158
406,Cherie,Fedder,cfedderb9@wsj.com,Female,175.42.198.228
407,Bertram,Garforth,bgarforthba@who.int,Male,81.89.87.207
408,Hannis,Fassbender,hfassbenderbb@thetimes.co.uk,Female,214.115.146.98
409,Eileen,Cawdell,ecawdellbc@xrea.com,Female,22.70.217.106
410,Marsh,Karolewski,mkarolewskibd@loc.gov,Non-binary,28.8.122.123
411,Luci,Choudhury,lchoudhurybe@dailymail.co.uk,Female,209.249.24.194
412,Melisenda,Eve,mevebf@cpanel.net,Female,74.196.106.177
413,Shaine,Baurerich,sbaurerichbg@vkontakte.ru,Male,211.101.219.78
414,Daffi,Corro,dcorrobh@naver.com,Genderfluid,26.182.123.173
415,Adrianna,Van Cassel,avancasselbi@umich.edu,Female,76.232.72.69
416,Elita,Winser,ewinserbj@wiley.com,Female,23.186.143.141
417,Benedetta,Nicholes,bnicholesbk@storify.com,Female,230.29.125.137
418,Blisse,Ollenbuttel,bollenbuttelbl@163.com,Female,109.119.38.63
419,Callean,Fintoph,cfintophbm@spotify.com,Male,250.77.254.149
420,Shayna,Rosenzwig,srosenzwigbn@wikispaces.com,Female,178.21.1.177
421,Verna,Morfey,vmorfeybo@naver.com,Genderqueer,174.106.6.25
422,Ingra,Dmitrienko,idmitrienkobp@examiner.com,Male,231.201.249.50
423,Adelle,Alexsandrovich,aalexsandrovichbq@ox.ac.uk,Female,19.147.246.138
424,Ezekiel,Simonitto,esimonittobr@hubpages.com,Male,212.164.99.83
425,Muffin,Wressell,mwressellbs@ucoz.ru,Female,70.204.81.50
426,Em,McSporon,emcsporonbt@foxnews.com,Female,38.66.224.11
427,Flossie,Barents,fbarentsbu@comcast.net,Female,118.207.35.110
428,Bartlett,Phinnis,bphinnisbv@instagram.com,Male,96.122.13.46
429,Christian,Huggett,chuggettbw@omniture.com,Male,242.9.40.101
430,Chris,Diack,cdiackbx@desdev.cn,Female,51.8.8.41
431,Marlyn,Thairs,mthairsby@vinaora.com,Female,141.191.200.17
432,Ben,Piff,bpiffbz@bbb.org,Male,42.5.22.183
433,Ronni,Clarae,rclaraec0@icq.com,Female,55.152.166.243
434,Lorne,O' Dooley,lodooleyc1@slideshare.net,Female,25.222.126.1
435,Gisele,Wooldridge,gwooldridgec2@sitemeter.com,Female,164.91.177.148
436,Pavlov,McKeefry,pmckeefryc3@last.fm,Male,161.55.108.197
437,Tersina,Hiorn,thiornc4@cocolog-nifty.com,Female,141.24.102.96
438,Aldous,Fraczkiewicz,afraczkiewiczc5@latimes.com,Male,155.146.85.1
439,Kendre,Wornum,kwornumc6@topsy.com,Female,215.134.180.188
440,Hildy,Drayson,hdraysonc7@businesswire.com,Female,37.159.126.31
441,Melicent,Denyagin,mdenyaginc8@elpais.com,Female,100.24.163.233
442,Thatcher,Becom,tbecomc9@psu.edu,Male,64.181.110.217
443,Lissa,Sigmund,lsigmundca@dmoz.org,Female,139.62.38.77
444,Sandye,Maggiori,smaggioricb@google.co.uk,Female,217.208.38.108
445,Lea,Wilfinger,lwilfingercc@altervista.org,Female,238.64.87.34
446,Maryjane,Squibb,msquibbcd@amazon.com,Genderfluid,8.14.193.41
447,Elyse,Hogben,ehogbence@sogou.com,Female,103.178.170.129
448,Kaye,Muddimer,kmuddimercf@loc.gov,Non-binary,135.188.3.112
449,Emmie,Wheaton,ewheatoncg@cpanel.net,Female,90.154.80.101
450,Alix,Ibeson,aibesonch@microsoft.com,Male,172.49.165.12
451,Yancey,Tesseyman,ytesseymanci@npr.org,Male,154.138.143.116
452,Osbert,Sim,osimcj@ameblo.jp,Male,238.6.112.82
453,Katti,Blowen,kblowenck@howstuffworks.com,Female,190.188.156.62
454,Gertie,Doorly,gdoorlycl@cmu.edu,Female,28.253.183.3
455,Gerrie,Janc,gjanccm@reuters.com,Genderfluid,252.91.229.206
456,Man,Lett,mlettcn@is.gd,Male,8.8.234.139
457,Sybyl,Jojic,sjojicco@earthlink.net,Female,184.42.104.236
458,Bruno,Proudman,bproudmancp@java.com,Male,107.89.89.189
459,Clive,Fargher,cfarghercq@mail.ru,Male,96.196.197.95
460,Farrand,Gater,fgatercr@spotify.com,Female,94.57.24.30
461,Delores,Wagon,dwagoncs@google.com.br,Female,11.41.65.39
462,Isacco,Potapczuk,ipotapczukct@clickbank.net,Male,27.38.0.169
463,Lynnett,Frenzel;,lfrenzelcu@woothemes.com,Female,22.115.234.80
464,Claybourne,Fleischer,cfleischercv@wunderground.com,Male,205.56.27.45
465,Rollie,Pletts,rplettscw@hugedomains.com,Male,235.15.220.29
466,Llewellyn,Lamplough,llamploughcx@ted.com,Male,48.85.132.178
467,Aubry,Rennocks,arennockscy@prlog.org,Female,234.63.119.3
468,Aaron,Fordyce,afordycecz@addtoany.com,Male,230.249.93.45
469,Heath,Bolter,hbolterd0@livejournal.com,Male,126.149.236.234
470,Ernaline,Leitch,eleitchd1@foxnews.com,Female,111.160.48.122
471,Eunice,Batter,ebatterd2@parallels.com,Agender,178.113.95.234
472,Karlan,Morford,kmorfordd3@utexas.edu,Male,203.167.44.250
473,Dilly,Rois,droisd4@bing.com,Male,229.252.150.47
474,Jase,Kiwitz,jkiwitzd5@biglobe.ne.jp,Male,236.7.111.255
475,Britt,Plaskett,bplaskettd6@psu.edu,Male,116.93.120.107
476,Lynnell,Hutchinges,lhutchingesd7@constantcontact.com,Female,223.55.79.222
477,Lindy,Meltetal,lmeltetald8@disqus.com,Male,247.41.148.220
478,Daisi,Woltering,dwolteringd9@liveinternet.ru,Female,85.142.98.162
479,Delila,Sacker,dsackerda@sciencedaily.com,Female,120.7.109.39
480,Frasier,Silverson,fsilversondb@dedecms.com,Male,113.203.73.45
481,Sherlock,Quilty,squiltydc@cnbc.com,Male,88.127.84.70
482,Indira,Simonett,isimonettdd@mac.com,Non-binary,135.248.24.95
483,Romain,Bathoe,rbathoede@msu.edu,Male,239.139.67.57
484,Allyce,Moyle,amoyledf@yellowpages.com,Female,156.130.93.8
485,Myrtia,Atlay,matlaydg@kickstarter.com,Female,151.76.125.26
486,Niels,Brislawn,nbrislawndh@networksolutions.com,Male,72.245.87.75
487,Merill,Oiseau,moiseaudi@printfriendly.com,Male,159.102.128.104
488,Rachelle,McCrie,rmccriedj@globo.com,Female,192.43.46.31
489,Berk,Geraldi,bgeraldidk@ca.gov,Male,160.145.6.56
490,Janaya,Persich,jpersichdl@yelp.com,Female,140.86.80.187
491,Gabbi,Wanne,gwannedm@myspace.com,Female,111.93.246.49
492,Caesar,McKelvey,cmckelveydn@forbes.com,Male,241.110.16.128
493,Pennie,Garnul,pgarnuldo@whitehouse.gov,Female,230.186.8.23
494,Pamela,Billo,pbillodp@dailymotion.com,Female,109.57.14.18
495,Tommie,Gritskov,tgritskovdq@ovh.net,Female,180.20.56.201
496,Menard,Boundley,mboundleydr@google.nl,Agender,172.129.192.23
497,Ilyse,Ambroisin,iambroisinds@usatoday.com,Bigender,11.184.137.97
498,Claudette,Kearton,ckeartondt@bandcamp.com,Female,193.220.153.192
499,Arlie,Selesnick,aselesnickdu@flavors.me,Female,122.124.183.113
500,Sheelah,Windeatt,swindeattdv@xing.com,Female,252.147.14.174
501,Bear,Donavan,bdonavandw@oaic.gov.au,Non-binary,136.54.128.247
502,Sidney,Anfossi,sanfossidx@google.it,Male,19.247.194.231
503,Albertine,Brimblecomb,abrimblecombdy@webs.com,Female,220.251.142.14
504,Kimble,Janoch,kjanochdz@chronoengine.com,Male,175.55.213.6
505,Bernadette,Crewther,bcrewthere0@163.com,Female,202.114.110.172
506,Heath,Cristofanini,hcristofaninie1@bing.com,Female,198.124.8.215
507,Alexei,Cherrison,acherrisone2@e-recht24.de,Male,109.251.121.147
508,Wendall,Aucoate,waucoatee3@scientificamerican.com,Male,86.175.217.163
509,Phineas,Gioani,pgioanie4@is.gd,Polygender,104.109.216.38
510,Rosalinde,Strowther,rstrowthere5@pcworld.com,Female,249.8.243.240
511,Katrine,MacVicar,kmacvicare6@mail.ru,Female,250.54.96.93
512,Norrie,Hussell,nhusselle7@rambler.ru,Male,77.102.198.83
513,Gwennie,Fairbrother,gfairbrothere8@wp.com,Female,104.203.60.232
514,Thekla,Doerffer,tdoerffere9@mozilla.org,Female,122.86.46.81
515,Brenda,Schrieves,bschrievesea@slashdot.org,Female,18.14.60.118
516,Giselbert,Wasielewicz,gwasielewiczeb@google.ca,Male,146.182.26.85
517,Aeriel,Fair,afairec@dagondesign.com,Female,51.97.157.67
518,Frederique,Brokenshire,fbrokenshireed@columbia.edu,Female,9.184.107.106
519,Pooh,Bimrose,pbimroseee@dailymail.co.uk,Female,17.10.130.114
520,Liana,Hankins,lhankinsef@army.mil,Bigender,61.58.49.62
521,Garnet,Picton,gpictoneg@tiny.cc,Female,181.180.111.255
522,Kirk,Jahner,kjahnereh@bloglovin.com,Male,215.227.41.203
523,Giordano,Cooke,gcookeei@geocities.com,Male,222.39.57.54
524,Rodolfo,Streater,rstreaterej@clickbank.net,Male,245.42.170.235
525,Jodie,De Dei,jdedeiek@photobucket.com,Male,15.68.148.247
526,Rhianna,Glashby,rglashbyel@google.nl,Female,68.156.124.142
527,Grady,Berriball,gberriballem@china.com.cn,Genderfluid,223.208.69.236
528,Mathe,Lavies,mlaviesen@ebay.com,Male,82.83.171.115
529,Tonnie,Messer,tmessereo@cbslocal.com,Male,96.128.237.91
530,Parrnell,Bolingbroke,pbolingbrokeep@cnet.com,Male,106.217.182.132
531,Lockwood,Skakunas,lskakunaseq@cnn.com,Male,182.83.227.138
532,Rania,Cassell,rcasseller@theguardian.com,Agender,29.170.105.134
533,Hildegarde,Brothwood,hbrothwoodes@si.edu,Female,50.160.143.38
534,Erika,Elcocks,eelcockset@w3.org,Female,16.165.38.133
535,Sigfried,Kearford,skearfordeu@chronoengine.com,Male,223.107.34.42
536,Joaquin,Dignam,jdignamev@myspace.com,Male,102.55.132.249
537,Denney,Crigin,dcriginew@istockphoto.com,Male,201.114.46.55
538,Thatch,Brooksbank,tbrooksbankex@walmart.com,Male,165.246.127.167
539,Dorothea,Dacombe,ddacombeey@mail.ru,Female,32.141.13.226
540,Cathi,Tattersall,ctattersallez@wisc.edu,Genderqueer,85.223.127.247
541,Patrice,Newling,pnewlingf0@epa.gov,Male,235.94.99.173
542,Birgit,Konzelmann,bkonzelmannf1@sourceforge.net,Female,230.175.163.120
543,Baxter,Kelcey,bkelceyf2@people.com.cn,Male,40.89.198.76
544,Osbourne,Niesel,onieself3@nba.com,Male,56.186.45.64
545,Del,Strickler,dstricklerf4@deliciousdays.com,Female,75.26.174.152
546,Benedetto,Loadwick,bloadwickf5@wisc.edu,Male,220.216.183.142
547,Chad,Laurentino,claurentinof6@hibu.com,Female,255.20.68.56
548,Sonia,Kitchingman,skitchingmanf7@meetup.com,Female,34.175.223.57
549,Cecilio,Burdekin,cburdekinf8@google.com.hk,Male,228.247.168.217
550,Harmon,Desseine,hdesseinef9@pagesperso-orange.fr,Male,15.122.247.42
551,Alfy,Ather,aatherfa@a8.net,Female,61.80.49.107
552,Hermina,Stringfellow,hstringfellowfb@upenn.edu,Female,74.185.232.204
553,Austina,Clynman,aclynmanfc@deviantart.com,Female,238.40.72.165
554,Mort,Sheran,msheranfd@wix.com,Male,209.243.50.178
555,Tamiko,Sygrove,tsygrovefe@soup.io,Female,98.241.59.73
556,Chadwick,Rosbotham,crosbothamff@china.com.cn,Male,118.13.83.146
557,Arlin,Rilton,ariltonfg@edublogs.org,Male,107.208.135.199
558,Symon,Carruthers,scarruthersfh@umich.edu,Male,235.204.128.249
559,Legra,Grinyer,lgrinyerfi@ft.com,Female,255.79.3.55
560,Aleta,Rebeiro,arebeirofj@etsy.com,Female,183.205.108.100
561,Orv,Wey,oweyfk@altervista.org,Male,135.76.115.6
562,Dorise,Carnelley,dcarnelleyfl@soundcloud.com,Female,196.129.149.229
563,Alford,Zaniolo,azaniolofm@dedecms.com,Male,41.127.28.98
564,Bekki,Essam,bessamfn@nytimes.com,Female,236.151.195.128
565,Lynsey,Coppen,lcoppenfo@homestead.com,Female,126.63.45.134
566,Erica,Steutly,esteutlyfp@yahoo.co.jp,Female,36.14.74.229
567,Shanan,Camplin,scamplinfq@archive.org,Male,40.247.173.126
568,Lazaro,Lauritsen,llauritsenfr@arizona.edu,Male,250.138.114.41
569,Otho,Swafield,oswafieldfs@technorati.com,Polygender,176.251.101.244
570,Thomasine,Gozzett,tgozzettft@cpanel.net,Female,190.66.230.9
571,Patty,Tick,ptickfu@yale.edu,Male,130.56.180.225
572,Mickie,Minocchi,mminocchifv@techcrunch.com,Genderfluid,32.106.75.228
573,Wally,Room,wroomfw@google.ru,Female,61.225.84.224
574,Briana,Triggle,btrigglefx@infoseek.co.jp,Genderfluid,170.29.43.32
575,Rana,Ravenscraft,rravenscraftfy@desdev.cn,Female,119.75.254.143
576,Morgen,Rumming,mrummingfz@bloomberg.com,Female,139.82.26.236
577,Maighdiln,Potkin,mpotking0@netlog.com,Genderfluid,149.183.152.246
578,Winna,Twitty,wtwittyg1@mashable.com,Female,60.51.215.21
579,Constance,Tookill,ctookillg2@hc360.com,Female,245.250.157.241
580,Johannes,McDoual,jmcdoualg3@google.de,Male,170.69.71.54
581,Georgie,Pecht,gpechtg4@netvibes.com,Female,225.56.146.172
582,Adrea,Berford,aberfordg5@army.mil,Female,203.4.189.82
583,Averill,Colliar,acolliarg6@timesonline.co.uk,Male,230.209.191.46
584,Marj,Magovern,mmagoverng7@deviantart.com,Female,103.143.165.29
585,Dulcea,Karim,dkarimg8@ebay.co.uk,Female,54.213.95.139
586,Jacquelynn,Jolin,jjoling9@weebly.com,Female,1.207.21.158
587,Ramonda,Moogan,rmooganga@lulu.com,Female,149.240.20.89
588,Brigida,McAloren,bmcalorengb@scientificamerican.com,Female,16.39.226.155
589,Josefina,Trent,jtrentgc@google.ru,Polygender,157.244.134.218
590,Arvy,Fourcade,afourcadegd@seesaa.net,Male,140.83.1.86
591,Odessa,Pietsma,opietsmage@prnewswire.com,Female,29.120.20.94
592,Corny,Anear,caneargf@examiner.com,Male,65.56.28.154
593,Balduin,Denacamp,bdenacampgg@tumblr.com,Male,40.172.121.43
594,Pamela,Swaisland,pswaislandgh@economist.com,Female,239.131.252.187
595,Saxe,Ferentz,sferentzgi@unesco.org,Male,226.61.254.238
596,Millicent,Curuclis,mcuruclisgj@nyu.edu,Female,241.39.145.236
597,Clem,Pecha,cpechagk@t.co,Genderqueer,134.218.196.32
598,Gaylene,Caldicot,gcaldicotgl@nih.gov,Female,141.82.230.67
599,Alic,Ricardo,aricardogm@exblog.jp,Male,227.48.125.85
600,Kimberley,Hirjak,khirjakgn@mit.edu,Female,125.222.177.250
601,Tarrance,Shanks,tshanksgo@chronoengine.com,Male,193.247.220.109
602,Robby,Scargle,rscarglegp@unc.edu,Female,218.240.136.25
603,Alejandro,Cleeves,acleevesgq@mayoclinic.com,Male,44.164.201.150
604,Donn,Mobius,dmobiusgr@addthis.com,Male,195.44.158.104
605,Heall,Randell,hrandellgs@goo.ne.jp,Male,94.185.73.246
606,Saunderson,Aiskovitch,saiskovitchgt@t-online.de,Non-binary,160.137.63.79
607,Brander,Rains,brainsgu@soundcloud.com,Male,87.34.72.69
608,Pail,Lewer,plewergv@squarespace.com,Male,160.247.14.80
609,Elinore,Ovendale,eovendalegw@java.com,Female,164.206.198.177
610,Codi,Rustedge,crustedgegx@blogspot.com,Male,247.48.202.133
611,Saundra,McWhan,smcwhangy@nbcnews.com,Female,249.160.228.111
612,Robbyn,Stigger,rstiggergz@uiuc.edu,Female,46.163.180.201
613,Ruthanne,Kleine,rkleineh0@digg.com,Female,117.2.164.227
614,Niko,Wingar,nwingarh1@a8.net,Male,241.201.206.222
615,Maurie,Oade,moadeh2@deliciousdays.com,Male,228.2.158.239
616,Marrilee,Blesdill,mblesdillh3@aol.com,Female,179.84.53.125
617,Cary,Watsham,cwatshamh4@telegraph.co.uk,Female,92.54.121.129
618,Kaylil,Brigge,kbriggeh5@un.org,Female,45.232.34.89
619,Boy,Axleby,baxlebyh6@gmpg.org,Male,233.110.33.25
620,Marlene,Greatham,mgreathamh7@delicious.com,Female,220.31.119.203
621,Federico,O'Hartnett,fohartnetth8@parallels.com,Male,247.66.28.190
622,Emylee,Winthrop,ewinthroph9@usgs.gov,Female,32.223.52.175
623,Nonnah,Laurens,nlaurensha@etsy.com,Female,73.249.5.58
624,Octavia,Ruddiforth,oruddiforthhb@wordpress.org,Female,45.125.198.38
625,Shelba,Ruger,srugerhc@gizmodo.com,Female,130.62.164.222
626,Sallee,Morgans,smorganshd@redcross.org,Female,89.45.52.250
627,Clemmy,Cromie,ccromiehe@wikispaces.com,Male,70.7.91.117
628,Helaine,Gorke,hgorkehf@xinhuanet.com,Female,104.199.197.67
629,Zebulen,Creeboe,zcreeboehg@vistaprint.com,Male,145.1.169.157
630,Spike,Errett,serretthh@ameblo.jp,Genderqueer,121.194.212.180
631,Stacy,Ough,soughhi@si.edu,Female,79.189.61.122
632,Gale,Fullagar,gfullagarhj@google.com.br,Male,152.14.156.125
633,Cairistiona,Di Angelo,cdiangelohk@ca.gov,Bigender,84.162.198.118
634,Garvey,Duly,gdulyhl@angelfire.com,Polygender,5.87.197.150
635,Mickie,Iggulden,migguldenhm@hexun.com,Female,203.247.49.201
636,Des,Cronkshaw,dcronkshawhn@illinois.edu,Male,16.145.140.164
637,Jaye,Manuely,jmanuelyho@bandcamp.com,Male,204.233.46.23
638,Reynard,Copcote,rcopcotehp@surveymonkey.com,Male,74.251.175.179
639,Petronia,De Goey,pdegoeyhq@pinterest.com,Female,168.44.13.95
640,Dino,Freeburn,dfreeburnhr@printfriendly.com,Male,156.248.43.168
641,Gilda,Wildor,gwildorhs@mayoclinic.com,Female,223.8.23.40
642,Granthem,Danovich,gdanovichht@cbc.ca,Male,158.95.168.156
643,Lenci,Spear,lspearhu@hp.com,Male,225.144.55.92
644,Ewart,Akett,eaketthv@goodreads.com,Male,235.218.26.81
645,Baryram,Chinn,bchinnhw@tripadvisor.com,Male,188.121.181.18
646,Reade,Binnie,rbinniehx@domainmarket.com,Male,227.184.146.163
647,Iormina,Aleveque,ialevequehy@vkontakte.ru,Female,183.231.136.108
648,Elfreda,Glasgow,eglasgowhz@amazon.co.uk,Female,150.112.201.87
649,Rodie,L'argent,rlargenti0@techcrunch.com,Female,225.187.50.36
650,Bernard,Duddridge,bduddridgei1@jigsy.com,Male,50.122.218.147
651,Hillard,Fraczek,hfraczeki2@fastcompany.com,Genderfluid,39.216.78.190
652,Ludovika,Dennert,ldennerti3@alexa.com,Female,66.47.175.212
653,Celestia,Gooddie,cgooddiei4@about.com,Female,35.170.247.217
654,Antons,Drowsfield,adrowsfieldi5@scribd.com,Genderfluid,93.205.126.191
655,Dianne,Cuseck,dcusecki6@ifeng.com,Female,39.154.82.248
656,Benjamin,Botten,bbotteni7@netscape.com,Male,153.232.162.180
657,Fritz,Hofton,fhoftoni8@ebay.com,Male,18.3.201.206
658,Dante,Newland,dnewlandi9@weather.com,Male,239.140.186.180
659,Aurthur,Balsellie,abalsellieia@ocn.ne.jp,Male,247.100.118.184
660,Omero,Meric,omericib@sfgate.com,Male,118.219.49.119
661,Obie,Godsil,ogodsilic@yelp.com,Male,237.193.219.161
662,Roseanne,Edwardes,redwardesid@privacy.gov.au,Female,15.133.189.84
663,Kalindi,Berkowitz,kberkowitzie@istockphoto.com,Female,93.219.154.98
664,Caldwell,Dungee,cdungeeif@reverbnation.com,Male,246.201.132.189
665,Verine,Heggman,vheggmanig@soundcloud.com,Female,60.90.215.239
666,Doti,Braley,dbraleyih@reuters.com,Female,37.2.64.170
667,Tamra,Thurber,tthurberii@go.com,Female,15.8.249.148
668,Rolfe,Larvent,rlarventij@comcast.net,Male,51.112.135.115
669,Colette,Brookbank,cbrookbankik@sun.com,Female,200.138.143.200
670,Vania,Couroy,vcouroyil@mlb.com,Female,187.131.168.170
671,Adelina,Hawton,ahawtonim@utexas.edu,Female,145.11.17.3
672,Renaldo,Hatherleigh,rhatherleighin@photobucket.com,Male,6.126.75.77
673,Laurent,Kording,lkordingio@blogger.com,Male,153.123.104.71
674,Chantalle,Birmingham,cbirminghamip@indiegogo.com,Female,160.15.203.49
675,Pammi,Munford,pmunfordiq@biblegateway.com,Female,179.181.140.139
676,Tore,McCome,tmccomeir@loc.gov,Male,79.54.148.164
677,Adelaida,Nowak,anowakis@engadget.com,Female,97.229.139.7
678,Almeria,Trunks,atrunksit@state.tx.us,Female,93.152.40.230
679,Evelyn,Cheke,echekeiu@php.net,Male,87.15.137.122
680,Bayard,Beeke,bbeekeiv@sogou.com,Male,236.122.117.11
681,Toddy,Bengal,tbengaliw@pinterest.com,Male,240.150.140.141
682,Cornelius,Curless,ccurlessix@nba.com,Male,25.58.157.148
683,Janifer,Annice,janniceiy@ed.gov,Female,191.149.210.43
684,Tabor,Beddon,tbeddoniz@biblegateway.com,Male,175.201.175.23
685,Dian,Le Ball,dleballj0@paypal.com,Female,77.180.13.125
686,Shea,Lambarton,slambartonj1@jimdo.com,Female,52.59.6.228
687,Sophia,Goulbourne,sgoulbournej2@noaa.gov,Female,184.29.239.55
688,Keven,Milburne,kmilburnej3@prnewswire.com,Male,185.67.107.66
689,Goddart,Semens,gsemensj4@bravesites.com,Male,193.46.75.205
690,Drusy,Benham,dbenhamj5@gizmodo.com,Female,15.10.152.122
691,Frieda,Landy,flandyj6@icio.us,Female,76.95.206.111
692,Blaire,Gifkins,bgifkinsj7@adobe.com,Female,71.74.117.38
693,Si,Tort,stortj8@tiny.cc,Genderqueer,140.38.1.16
694,Aymer,Pallasch,apallaschj9@nydailynews.com,Bigender,130.11.191.83
695,Leonerd,Eytel,leytelja@tripod.com,Agender,58.166.229.145
696,Nels,Shambroke,nshambrokejb@geocities.com,Male,123.123.46.234
697,Kelvin,Reubbens,kreubbensjc@artisteer.com,Agender,115.235.70.219
698,Frazier,Scane,fscanejd@twitter.com,Male,230.2.174.192
699,Paolina,Tick,ptickje@gizmodo.com,Female,0.53.197.245
700,Nikolia,Dicke,ndickejf@multiply.com,Agender,179.74.216.171
701,Risa,Chatters,rchattersjg@baidu.com,Female,21.108.17.98
702,Kessiah,Longstaffe,klongstaffejh@sourceforge.net,Female,91.228.209.92
703,Franciska,Wyvill,fwyvillji@eventbrite.com,Female,156.232.217.197
704,Viola,Domini,vdominijj@bigcartel.com,Female,232.228.120.184
705,Rowan,Brogan,rbroganjk@europa.eu,Male,165.6.175.147
706,Ethelin,Yallop,eyallopjl@spotify.com,Female,85.32.89.237
707,Erinn,Saxby,esaxbyjm@nifty.com,Female,47.120.198.226
708,Eddie,O'Brogan,eobroganjn@live.com,Male,154.153.160.8
709,Giorgio,Grumbridge,ggrumbridgejo@house.gov,Male,71.122.165.184
710,Enrika,Marlor,emarlorjp@phpbb.com,Female,83.202.32.78
711,Mimi,Witherow,mwitherowjq@state.tx.us,Female,241.243.175.251
712,Tadio,Byfield,tbyfieldjr@sina.com.cn,Male,177.34.240.185
713,Donna,Scole,dscolejs@psu.edu,Female,51.53.243.8
714,Michell,Knights,mknightsjt@hexun.com,Female,210.29.118.206
715,Ker,Feeny,kfeenyju@state.tx.us,Male,37.181.219.24
716,Siana,Proswell,sproswelljv@t-online.de,Female,153.163.151.142
717,Carr,Lovell,clovelljw@ucla.edu,Male,85.232.200.164
718,Norris,Wooding,nwoodingjx@list-manage.com,Male,77.179.203.2
719,Tybi,Lancley,tlancleyjy@pbs.org,Female,25.142.167.221
720,Annadiana,Cattemull,acattemulljz@cloudflare.com,Female,14.239.218.187
721,Dar,Wightman,dwightmank0@bloglines.com,Male,214.43.34.16
722,Chloris,Brayn,cbraynk1@qq.com,Polygender,190.137.11.145
723,Dian,Austing,daustingk2@altervista.org,Female,165.47.135.234
724,Ofelia,Buckeridge,obuckeridgek3@mayoclinic.com,Female,235.88.54.131
725,Fee,Furness,ffurnessk4@sphinn.com,Male,129.108.217.164
726,Patricia,Yeandel,pyeandelk5@dmoz.org,Agender,88.182.118.99
727,Gerick,Eloy,geloyk6@jimdo.com,Male,67.194.223.169
728,Hendrick,Lewsey,hlewseyk7@goodreads.com,Male,57.234.65.130
729,Olivier,Kearn,okearnk8@wikipedia.org,Male,136.57.170.62
730,Odella,Richards,orichardsk9@spiegel.de,Female,130.185.111.202
731,Laetitia,Rudland,lrudlandka@google.com,Female,39.62.64.40
732,Rodolph,Oakman,roakmankb@aol.com,Male,123.39.75.220
733,Rozanna,Cesconi,rcesconikc@cam.ac.uk,Polygender,159.86.81.119
734,Gaelan,Gendrich,ggendrichkd@cbc.ca,Male,79.119.75.187
735,Mag,Souster,msousterke@canalblog.com,Female,87.129.20.158
736,Henrieta,Sawtell,hsawtellkf@tumblr.com,Female,51.74.128.174
737,Abbi,Utting,auttingkg@cafepress.com,Female,235.84.79.96
738,Renelle,Ewens,rewenskh@ycombinator.com,Female,32.80.237.174
739,Candi,Langley,clangleyki@lulu.com,Female,209.83.196.184
740,Kippie,Karpol,kkarpolkj@goo.ne.jp,Male,61.38.70.198
741,Levin,McGaughie,lmcgaughiekk@vinaora.com,Male,159.126.92.29
742,Jenica,Jacobi,jjacobikl@craigslist.org,Polygender,85.205.187.138
743,Akim,Dillingstone,adillingstonekm@cdc.gov,Male,115.13.210.98
744,Kerwin,Mundford,kmundfordkn@patch.com,Male,84.105.70.178
745,Yoko,Caras,ycarasko@zdnet.com,Non-binary,29.189.191.34
746,Marion,Gibbs,mgibbskp@goo.ne.jp,Male,176.154.190.211
747,Deena,Rayworth,drayworthkq@simplemachines.org,Female,37.179.104.255
748,Johnnie,McGraw,jmcgrawkr@sbwire.com,Male,236.202.213.81
749,Ellery,Bertomeu,ebertomeuks@theatlantic.com,Non-binary,99.89.188.227
750,Daniela,Abbots,dabbotskt@yale.edu,Female,83.27.92.13
751,Kizzee,Delgardillo,kdelgardilloku@weebly.com,Female,171.0.247.172
752,Roldan,Wanek,rwanekkv@shinystat.com,Male,194.84.77.60
753,Valina,Magill,vmagillkw@loc.gov,Female,73.23.65.253
754,Nicolis,Bartoszewicz,nbartoszewiczkx@4shared.com,Male,111.8.227.34
755,Ailbert,Olle,aolleky@dmoz.org,Male,176.124.250.201
756,Iseabal,Clue,icluekz@blogger.com,Female,167.37.242.84
757,Alan,Rayment,araymentl0@livejournal.com,Male,244.166.163.253
758,Lizabeth,By,lbyl1@sogou.com,Female,186.123.73.69
759,Ivan,Willshaw,iwillshawl2@4shared.com,Male,46.140.141.117
760,Nickey,Gave,ngavel3@networkadvertising.org,Non-binary,55.70.35.81
761,Woodrow,Oldknow,woldknowl4@arizona.edu,Male,78.36.71.195
762,Kiah,Feltoe,kfeltoel5@yale.edu,Female,133.23.196.2
763,Salomo,Lethby,slethbyl6@omniture.com,Male,255.200.229.111
764,Kayley,Blannin,kblanninl7@ebay.co.uk,Female,160.107.81.128
765,Gaspar,Jore,gjorel8@phpbb.com,Male,186.52.164.139
766,Freddy,Feria,fferial9@tripadvisor.com,Female,11.156.48.24
767,Carmelina,Gommes,cgommesla@dmoz.org,Female,235.115.85.103
768,Denny,Tolumello,dtolumellolb@geocities.jp,Male,28.67.29.76
769,Emmery,Greally,egreallylc@dmoz.org,Male,51.42.192.3
770,Isidoro,Abrahamsohn,iabrahamsohnld@skype.com,Male,181.79.202.249
771,Artair,Checchi,achecchile@ehow.com,Male,178.213.181.231
772,Clarette,Aingel,caingellf@china.com.cn,Female,48.165.181.146
773,Alan,Unthank,aunthanklg@wired.com,Male,52.2.17.212
774,Alister,Massei,amasseilh@bizjournals.com,Male,82.28.208.48
775,Debbie,Blooman,dbloomanli@aol.com,Genderfluid,207.198.171.107
776,Jan,Morin,jmorinlj@cbc.ca,Female,98.175.189.35
777,Adamo,Stubs,astubslk@ucoz.com,Male,75.100.10.139
778,Esther,Clacey,eclaceyll@icq.com,Female,203.37.250.195
779,Althea,Le Barr,alebarrlm@thetimes.co.uk,Non-binary,60.170.221.164
780,Roarke,Bareford,rbarefordln@edublogs.org,Male,158.147.199.11
781,Krystalle,Morch,kmorchlo@hatena.ne.jp,Female,152.203.125.255
782,Marybeth,Pancost,mpancostlp@yale.edu,Female,228.236.213.60
783,Tedra,Gofford,tgoffordlq@bandcamp.com,Female,150.91.228.236
784,Clay,Obern,cobernlr@squidoo.com,Male,50.18.44.98
785,Darlleen,Yanov,dyanovls@bloglovin.com,Female,250.3.210.15
786,Augie,Dorsey,adorseylt@cbslocal.com,Male,169.58.170.189
787,Dene,Mangan,dmanganlu@istockphoto.com,Male,146.193.230.168
788,Donall,Labarre,dlabarrelv@aboutads.info,Male,235.227.220.182
789,Hardy,Brettel,hbrettellw@java.com,Male,76.166.180.206
790,Brittan,Vaugham,bvaughamlx@tinyurl.com,Female,131.83.246.49
791,Mikaela,Pitcher,mpitcherly@google.ru,Polygender,113.133.97.245
792,Friedrich,Winfield,fwinfieldlz@elpais.com,Male,227.13.168.207
793,Jessica,Arendsen,jarendsenm0@uol.com.br,Female,204.43.7.147
794,Dewie,Carus,dcarusm1@dion.ne.jp,Male,75.44.174.205
795,Camellia,Larret,clarretm2@example.com,Bigender,149.196.178.240
796,Ollie,Gluyas,ogluyasm3@posterous.com,Male,27.121.223.203
797,Kylie,Tadman,ktadmanm4@dot.gov,Male,92.194.75.178
798,Bunny,Huburn,bhuburnm5@discovery.com,Female,141.196.41.130
799,Velma,Polleye,vpolleyem6@gravatar.com,Female,17.214.195.78
800,Camellia,Covely,ccovelym7@altervista.org,Female,136.89.116.123
801,Brynne,Di Francesco,bdifrancescom8@posterous.com,Female,46.61.9.2
802,Carmelina,Boerderman,cboerdermanm9@ft.com,Female,163.25.2.128
803,Tuesday,Drinan,tdrinanma@utexas.edu,Female,124.177.125.52
804,Aimee,Betteson,abettesonmb@technorati.com,Female,95.163.211.119
805,Delinda,Cranage,dcranagemc@tripod.com,Female,188.133.130.0
806,Sybille,Ioannidis,sioannidismd@is.gd,Female,88.46.66.8
807,Rhonda,Kurten,rkurtenme@prlog.org,Female,45.184.188.87
808,Tamas,Gillespey,tgillespeymf@cafepress.com,Male,188.231.179.169
809,Genovera,Drei,gdreimg@issuu.com,Non-binary,151.62.198.109
810,Tracy,Brittan,tbrittanmh@oakley.com,Male,220.228.144.158
811,Kristoffer,Tanslie,ktansliemi@hao123.com,Male,80.202.161.219
812,Bree,Leeburn,bleeburnmj@washington.edu,Female,218.186.255.99
813,Eliot,Smallshaw,esmallshawmk@exblog.jp,Male,32.52.217.107
814,Rhea,Blaza,rblazaml@ebay.com,Non-binary,172.250.161.247
815,Graehme,Kipling,gkiplingmm@reverbnation.com,Male,119.225.149.100
816,Cristian,Cochet,ccochetmn@amazon.co.uk,Male,214.119.136.151
817,Thor,Hansom,thansommo@technorati.com,Male,214.180.165.108
818,Lilias,Gawen,lgawenmp@skyrock.com,Female,247.2.193.48
819,Wilhelmina,Marchello,wmarchellomq@rambler.ru,Female,231.187.104.233
820,Karel,Gozzett,kgozzettmr@vistaprint.com,Female,161.213.168.149
821,Trueman,Mackro,tmackroms@elpais.com,Male,208.1.213.106
822,Florencia,Seabrooke,fseabrookemt@people.com.cn,Female,242.69.169.140
823,Luca,Hanselman,lhanselmanmu@salon.com,Male,5.179.158.9
824,Garnette,MacComiskey,gmaccomiskeymv@symantec.com,Female,41.191.153.216
825,Viola,Cullotey,vculloteymw@ihg.com,Bigender,1.119.123.222
826,Neron,Ramiro,nramiromx@delicious.com,Male,76.78.1.166
827,Delcina,Slight,dslightmy@theguardian.com,Female,144.60.101.50
828,Dacie,Vost,dvostmz@noaa.gov,Female,154.16.186.46
829,Jacquetta,Ferrieroi,jferrieroin0@go.com,Female,35.79.2.57
830,Monro,Vivian,mviviann1@pagesperso-orange.fr,Male,44.255.130.158
831,Aurora,Nice,anicen2@csmonitor.com,Female,23.13.201.209
832,Clarisse,Vankov,cvankovn3@elegantthemes.com,Female,23.197.211.131
833,Jory,Emptage,jemptagen4@photobucket.com,Male,132.151.64.129
834,Stearn,Shingles,sshinglesn5@engadget.com,Male,128.137.215.115
835,Lin,Grew,lgrewn6@webeden.co.uk,Female,202.42.188.120
836,Oates,Bollom,obollomn7@umn.edu,Male,36.182.150.12
837,Chantal,Claiton,cclaitonn8@over-blog.com,Female,221.134.137.18
838,Rip,Grabeham,rgrabehamn9@usa.gov,Male,165.64.42.164
839,Zorana,McVeighty,zmcveightyna@google.de,Female,250.186.235.108
840,Nevin,Zeale,nzealenb@statcounter.com,Male,181.16.125.169
841,Ofilia,Pagnin,opagninnc@hubpages.com,Female,221.40.23.213
842,Sky,Crone,scronend@macromedia.com,Male,75.249.242.203
843,Vally,Braikenridge,vbraikenridgene@youtu.be,Female,8.210.143.217
844,Harmony,Imlin,himlinnf@yahoo.com,Female,110.93.37.106
845,Kingsly,Boots,kbootsng@economist.com,Male,39.236.86.111
846,Sven,Darell,sdarellnh@nhs.uk,Male,49.181.136.24
847,Ripley,Ambrodi,rambrodini@cbslocal.com,Male,251.71.198.30
848,Florance,Sorsbie,fsorsbienj@sourceforge.net,Female,11.136.255.228
849,Willey,Klaassens,wklaassensnk@networkadvertising.org,Male,197.236.75.168
850,Gerladina,Eivers,geiversnl@answers.com,Female,231.210.24.128
851,Chrisy,D'eye,cdeyenm@kickstarter.com,Male,63.142.120.14
852,Rickert,Desouza,rdesouzann@liveinternet.ru,Male,254.54.119.30
853,Curran,Nutbeem,cnutbeemno@dot.gov,Male,98.63.184.9
854,Josephine,Lechmere,jlechmerenp@kickstarter.com,Female,143.44.252.156
855,Harrison,Thynn,hthynnnq@ning.com,Male,120.243.28.14
856,Rois,Bortolutti,rbortoluttinr@virginia.edu,Female,43.92.55.246
857,Sula,Ebsworth,sebsworthns@photobucket.com,Female,208.175.194.235
858,Catharina,Avis,cavisnt@npr.org,Female,230.69.16.55
859,Matthias,Fassum,mfassumnu@tripadvisor.com,Male,113.19.237.186
860,Maddie,Guyot,mguyotnv@yelp.com,Male,101.75.144.113
861,Stormy,Humble,shumblenw@g.co,Female,36.237.66.72
862,Vivianna,Dutnell,vdutnellnx@nbcnews.com,Agender,134.22.202.193
863,Fletcher,Filmer,ffilmerny@time.com,Male,250.103.154.156
864,Brook,Hunstone,bhunstonenz@google.co.jp,Male,128.249.122.211
865,Hamil,Summons,hsummonso0@boston.com,Male,246.37.67.29
866,Tomaso,Sharville,tsharvilleo1@studiopress.com,Male,77.165.43.33
867,Ramonda,Wickenden,rwickendeno2@illinois.edu,Female,50.9.73.129
868,Nickolaus,Brann,nbranno3@vk.com,Male,117.88.94.146
869,Madelon,McVeagh,mmcveagho4@indiatimes.com,Female,163.231.83.35
870,Carce,Koppke,ckoppkeo5@vk.com,Male,189.194.252.62
871,Gradeigh,Skoggins,gskogginso6@ehow.com,Male,186.150.51.65
872,Myer,Bust,mbusto7@marriott.com,Male,20.107.249.115
873,Vickie,McAlester,vmcalestero8@shinystat.com,Female,11.29.73.225
874,Robinia,Rickasse,rrickasseo9@google.it,Female,176.126.214.72
875,Derward,Chadbourne,dchadbourneoa@webnode.com,Male,230.25.120.233
876,Maris,Jancar,mjancarob@google.ru,Female,79.89.105.218
877,Isador,Damiata,idamiataoc@altervista.org,Male,131.119.55.188
878,Daphne,Satterfitt,dsatterfittod@mozilla.org,Female,35.139.99.121
879,Fidelia,Bonnar,fbonnaroe@meetup.com,Female,18.109.204.71
880,Rex,Newrick,rnewrickof@furl.net,Male,103.189.221.103
881,Sasha,Newgrosh,snewgroshog@upenn.edu,Female,5.224.231.127
882,Adrianna,Darrigone,adarrigoneoh@bbc.co.uk,Female,127.39.219.199
883,Sigrid,Trimming,strimmingoi@feedburner.com,Female,205.65.184.72
884,Teddy,Jowett,tjowettoj@ocn.ne.jp,Female,82.149.208.131
885,Earvin,Breckell,ebreckellok@apple.com,Male,240.118.172.232
886,Marna,Vines,mvinesol@dion.ne.jp,Female,121.223.31.230
887,Aretha,Apted,aaptedom@wufoo.com,Female,23.186.74.71
888,Nanon,Libbe,nlibbeon@acquirethisname.com,Female,199.12.93.8
889,Mack,Drew,mdrewoo@desdev.cn,Male,154.213.138.76
890,Angele,Carney,acarneyop@comsenz.com,Female,55.121.207.247
891,Sharyl,Jojic,sjojicoq@washingtonpost.com,Female,68.79.124.6
892,Dennet,Meddemmen,dmeddemmenor@buzzfeed.com,Male,147.29.115.61
893,Porty,Pridmore,ppridmoreos@oakley.com,Male,57.181.44.130
894,Shelba,Grigoriev,sgrigorievot@list-manage.com,Female,39.20.28.96
895,Madelin,Hyde-Chambers,mhydechambersou@biblegateway.com,Non-binary,96.251.214.188
896,Brade,Geer,bgeerov@moonfruit.com,Male,144.90.91.77
897,Ignace,Painten,ipaintenow@sciencedaily.com,Male,34.135.239.8
898,Ellette,Baildon,ebaildonox@engadget.com,Female,228.198.48.74
899,Thacher,Juris,tjurisoy@ox.ac.uk,Male,126.140.232.237
900,Sebastien,Olivelli,solivellioz@wix.com,Male,136.157.175.188
901,Graham,Ianitti,gianittip0@parallels.com,Male,120.39.231.179
902,Olly,Phelip,ophelipp1@marriott.com,Male,142.81.91.187
903,Analise,Smyley,asmyleyp2@angelfire.com,Female,145.3.183.20
904,Lissy,D'Ambrosi,ldambrosip3@tumblr.com,Female,38.174.166.248
905,Yank,Digginson,ydigginsonp4@tinypic.com,Bigender,68.7.6.65
906,Friedrick,Crosham,fcroshamp5@whitehouse.gov,Male,146.143.123.87
907,Jacklin,Dahmke,jdahmkep6@adobe.com,Female,102.113.37.84
908,Perry,Ernshaw,pernshawp7@cyberchimps.com,Male,75.154.235.237
909,Ermanno,Jamot,ejamotp8@hibu.com,Male,111.207.45.197
910,Ives,Wannes,iwannesp9@webeden.co.uk,Polygender,209.16.121.142
911,Katharine,Hagerty,khagertypa@freewebs.com,Female,8.122.146.138
912,Ginger,Grundy,ggrundypb@printfriendly.com,Male,191.47.71.249
913,Janaya,Laden,jladenpc@squarespace.com,Female,161.95.44.118
914,Elsinore,Mosey,emoseypd@geocities.jp,Female,167.56.120.155
915,Paul,Stainson,pstainsonpe@dot.gov,Male,225.173.219.173
916,Steward,Burgiss,sburgisspf@constantcontact.com,Male,221.153.163.131
917,Dorey,Spoole,dspoolepg@drupal.org,Male,174.92.133.252
918,Mannie,Stoter,mstoterph@aol.com,Male,232.70.175.111
919,Sibelle,Darridon,sdarridonpi@usda.gov,Female,250.109.126.30
920,Alfred,Maffi,amaffipj@spiegel.de,Male,117.124.171.200
921,Cart,Vivers,cviverspk@google.cn,Male,253.24.157.200
922,Carolann,Schust,cschustpl@goodreads.com,Female,173.106.36.225
923,Daniella,McKillop,dmckilloppm@buzzfeed.com,Female,95.136.136.108
924,Rafael,Biaggioli,rbiaggiolipn@apache.org,Male,217.18.102.234
925,Gayla,Mathelon,gmathelonpo@comcast.net,Polygender,220.37.249.9
926,Brandice,Bowling,bbowlingpp@bluehost.com,Female,237.46.209.200
927,Arlyne,Master,amasterpq@irs.gov,Female,112.222.49.10
928,Cathrin,Druce,cdrucepr@archive.org,Female,157.10.150.72
929,Adeline,Orro,aorrops@photobucket.com,Agender,68.25.84.157
930,Allie,Cheyney,acheyneypt@jalbum.net,Male,52.36.125.21
931,Marcy,Fitton,mfittonpu@uol.com.br,Female,240.46.214.157
932,Eleanore,Mc-Kerley,emckerleypv@pinterest.com,Female,192.11.54.83
933,Christyna,Sharratt,csharrattpw@ucoz.com,Female,23.77.112.56
934,Ainslie,Dana,adanapx@slideshare.net,Female,8.240.161.230
935,Tanner,Headingham,theadinghampy@t.co,Male,217.182.31.60
936,Ambrosi,Okenden,aokendenpz@youku.com,Male,242.174.138.247
937,Tracy,Cormode,tcormodeq0@stumbleupon.com,Male,28.85.106.118
938,Jaime,Partleton,jpartletonq1@state.gov,Female,114.39.207.143
939,Pavla,Caistor,pcaistorq2@auda.org.au,Female,203.238.38.236
940,Johnna,Skain,jskainq3@wikia.com,Female,50.133.66.239
941,Rouvin,Schout,rschoutq4@senate.gov,Male,236.52.183.95
942,Prince,Brayford,pbrayfordq5@weather.com,Male,52.59.2.193
943,Gene,Thomton,gthomtonq6@wunderground.com,Female,75.238.115.247
944,Kelby,Manis,kmanisq7@taobao.com,Male,96.234.45.84
945,Adel,Dunnaway,adunnawayq8@disqus.com,Polygender,120.202.143.249
946,Tulley,Kos,tkosq9@intel.com,Non-binary,135.254.202.7
947,Justus,De Simoni,jdesimoniqa@house.gov,Male,192.43.165.254
948,Nollie,McGaughie,nmcgaughieqb@google.co.uk,Male,63.154.217.179
949,Giavani,Varsey,gvarseyqc@sphinn.com,Male,220.174.225.93
950,Bradney,Egalton,begaltonqd@spiegel.de,Male,212.159.172.19
951,Jill,Kingscote,jkingscoteqe@oaic.gov.au,Female,75.2.1.52
952,Livvyy,Huggen,lhuggenqf@twitpic.com,Female,134.194.110.142
953,Aleen,Asling,aaslingqg@thetimes.co.uk,Female,70.108.102.205
954,Terrance,Balasini,tbalasiniqh@weather.com,Male,138.186.233.77
955,Bel,Uff,buffqi@army.mil,Female,156.0.207.230
956,Kerri,Justis,kjustisqj@gnu.org,Female,35.190.131.204
957,Marita,Barsby,mbarsbyqk@chron.com,Female,200.46.132.79
958,Quinn,Castells,qcastellsql@loc.gov,Male,21.124.204.140
959,Rene,Celes,rcelesqm@paypal.com,Agender,17.22.202.12
960,Drusy,Wilfling,dwilflingqn@sbwire.com,Polygender,204.195.11.92
961,Deb,Veracruysse,dveracruysseqo@woothemes.com,Female,121.63.157.116
962,Sigvard,Kleen,skleenqp@buzzfeed.com,Male,166.231.43.20
963,Ana,Demkowicz,ademkowiczqq@arstechnica.com,Female,88.173.153.90
964,Kyle,Elphinston,kelphinstonqr@paypal.com,Genderqueer,8.83.207.228
965,Ahmed,Carlin,acarlinqs@buzzfeed.com,Male,108.12.160.147
966,Mortimer,Pfaffel,mpfaffelqt@wiley.com,Male,145.246.111.99
967,Sullivan,Liepins,sliepinsqu@buzzfeed.com,Male,65.128.76.146
968,Harper,Cattel,hcattelqv@list-manage.com,Male,84.44.136.191
969,Harald,Cosbee,hcosbeeqw@w3.org,Genderfluid,132.219.232.176
970,Hurley,Enden,hendenqx@flavors.me,Male,166.34.196.151
971,Philip,Charnick,pcharnickqy@ycombinator.com,Male,77.186.8.220
972,Cathee,Ginner,cginnerqz@cornell.edu,Female,253.184.206.117
973,Rubie,Greeve,rgreever0@wufoo.com,Female,85.16.210.41
974,Hertha,Weathers,hweathersr1@google.ca,Female,166.20.86.252
975,Rhona,Schiersch,rschierschr2@wordpress.org,Female,243.193.209.139
976,Teri,Headly,theadlyr3@skyrock.com,Female,221.201.229.90
977,Mareah,Currier,mcurrierr4@wikispaces.com,Female,208.80.221.244
978,Town,Ferreri,tferrerir5@phpbb.com,Male,97.91.164.106
979,Gib,MacLice,gmaclicer6@dyndns.org,Agender,174.9.92.43
980,Yankee,Dumblton,ydumbltonr7@phpbb.com,Male,2.80.218.144
981,Cosmo,Jendrach,cjendrachr8@telegraph.co.uk,Male,53.5.14.139
982,Donni,Mattek,dmattekr9@networkadvertising.org,Female,213.153.241.19
983,Chelsea,Antonio,cantoniora@ucoz.com,Agender,112.98.234.116
984,Torrie,Horsell,thorsellrb@dropbox.com,Female,189.82.247.61
985,Rozelle,Palfrey,rpalfreyrc@eepurl.com,Genderfluid,174.135.33.221
986,Lothaire,Joincey,ljoinceyrd@example.com,Male,109.94.91.153
987,Bettye,Gauford,bgaufordre@unesco.org,Female,52.175.98.160
988,Eddie,Hedaux,ehedauxrf@sphinn.com,Male,141.52.47.93
989,Bink,Kuhl,bkuhlrg@ycombinator.com,Male,1.155.38.167
990,Bowie,Kropach,bkropachrh@si.edu,Male,190.248.129.185
991,Ronald,Capper,rcapperri@ucsd.edu,Male,134.88.227.52
992,Marcile,Powe,mpowerj@umn.edu,Agender,15.164.177.237
993,Sayre,Abba,sabbark@cnet.com,Female,68.136.134.180
994,Ted,Birchett,tbirchettrl@altervista.org,Male,57.215.7.231
995,Noby,Kienlein,nkienleinrm@wsj.com,Male,193.102.186.69
996,Miran,Golde,mgoldern@rambler.ru,Female,38.172.39.210
997,Mickey,Bruntjen,mbruntjenro@cafepress.com,Male,239.190.40.168
998,Gretal,Tolcharde,gtolcharderp@liveinternet.ru,Female,200.223.205.157
999,Aleta,Brunicke,abrunickerq@telegraph.co.uk,Female,188.149.71.202
1000,Ulysses,Goode,ugooderr@ihg.com,Male,180.195.116.108
